id,aname,created_at,updated_at
1,goat,36:12.2,36:12.2
2,cockroach,36:12.3,36:12.3
3,sea lion,36:12.3,36:12.3
4,beetle,36:12.3,36:12.3
5,cricket,36:12.3,36:12.3
6,raccoon,36:12.3,36:12.3
7,trout,36:12.3,36:12.3
8,rat,36:12.3,36:12.3
9,baboon,36:12.3,36:12.3
10,zebra,36:12.3,36:12.3
11,goldfish,36:12.3,36:12.3
12,pig,36:12.3,36:12.3
13,toad,36:12.3,36:12.3
14,crocodile,36:12.3,36:12.3
15,whale,36:12.4,36:12.4
16,coyote,36:12.4,36:12.4
17,lion,36:12.4,36:12.4
18,salmon,36:12.4,36:12.4
19,cod,36:12.4,36:12.4
20,hyena,36:12.4,36:12.4
21,dog,36:12.4,36:12.4
22,hamster,36:12.4,36:12.4
23,prairie dog,36:12.4,36:12.4
24,woodchuck,36:12.4,36:12.4
25,chimpanzee,36:12.4,36:12.4
26,fly,36:12.4,36:12.4
27,prairie dog,36:12.4,36:12.4
28,jackal,36:12.4,36:12.4
29,alligator,36:12.5,36:12.5
30,llama,36:12.5,36:12.5
31,gerbil,36:12.5,36:12.5
32,gorilla,36:12.5,36:12.5
33,wasp,36:12.5,36:12.5
34,toad,36:12.5,36:12.5
35,dolphin,36:12.5,36:12.5
36,jellyfish,36:12.5,36:12.5
37,cockroach,36:12.5,36:12.5
38,minnow,36:12.5,36:12.5
39,ape,36:12.5,36:12.5
40,shark,36:12.5,36:12.5
41,sheep,36:12.5,36:12.5
42,crow,36:12.6,36:12.6
43,ox,36:12.6,36:12.6
44,ape,36:12.6,36:12.6
45,sardine,36:12.6,36:12.6
46,marten,36:12.6,36:12.6
47,koala,36:12.6,36:12.6
48,hippopotamus,36:12.6,36:12.6
49,chimpanzee,36:12.6,36:12.6
50,platypus,36:12.6,36:12.6
51,hamster,36:12.6,36:12.6
52,seal,36:12.6,36:12.6
53,rhinoceros,36:12.6,36:12.6
54,woodchuck,36:12.7,36:12.7
55,walrus,36:12.7,36:12.7
56,rhinoceros,36:12.7,36:12.7
57,gorilla,36:12.7,36:12.7
58,hippopotamus,36:12.7,36:12.7
59,monkey,36:12.7,36:12.7
60,otter,36:12.7,36:12.7
61,gnu,36:12.7,36:12.7
62,mosquito,36:12.7,36:12.7
63,beetle,36:12.7,36:12.7
64,bear,36:12.7,36:12.7
65,impala,36:12.7,36:12.7
66,chinchilla,36:12.7,36:12.7
67,clam,36:12.7,36:12.7
68,platypus,36:12.8,36:12.8
69,ape,36:12.8,36:12.8
70,platypus,36:12.8,36:12.8
71,squirrel,36:12.8,36:12.8
72,tortoise,36:12.8,36:12.8
73,wasp,36:12.8,36:12.8
74,tiger,36:12.8,36:12.8
75,buffalo,36:12.8,36:12.8
76,minnow,36:12.8,36:12.8
77,donkey,36:12.8,36:12.8
78,serval,36:12.8,36:12.8
79,louse,36:12.9,36:12.9
80,eel,36:12.9,36:12.9
81,camel,36:12.9,36:12.9
82,crab,36:12.9,36:12.9
83,donkey,36:12.9,36:12.9
84,oyster,36:12.9,36:12.9
85,sheep,36:12.9,36:12.9
86,cat,36:12.9,36:12.9
87,skunk,36:12.9,36:12.9
88,panda,36:12.9,36:12.9
89,wildebeest,36:12.9,36:12.9
90,sea lion,36:12.9,36:12.9
91,frog,36:12.9,36:12.9
92,worm,36:13.0,36:13.0
93,seal,36:13.0,36:13.0
94,crocodile,36:13.0,36:13.0
95,crab,36:13.0,36:13.0
96,beetle,36:13.0,36:13.0
97,goose,36:13.0,36:13.0
98,gerbil,36:13.0,36:13.0
99,squirrel,36:13.0,36:13.0
100,guinea pig,36:13.0,36:13.0
101,fly,36:13.1,36:13.1
102,panda,36:13.1,36:13.1
103,beaver,36:13.1,36:13.1
104,hamster,36:13.1,36:13.1
105,manatee,36:13.1,36:13.1
106,lizard,36:13.1,36:13.1
107,mouse,36:13.1,36:13.1
108,ape,36:13.1,36:13.1
109,crocodile,36:13.1,36:13.1
110,bear,36:13.1,36:13.1
111,hyena,36:13.1,36:13.1
112,chimpanzee,36:13.1,36:13.1
113,mink,36:13.1,36:13.1
114,antelope,36:13.1,36:13.1
115,clam,36:13.2,36:13.2
116,giraffe,36:13.2,36:13.2
117,pig,36:13.2,36:13.2
118,goat,36:13.2,36:13.2
119,shark,36:13.2,36:13.2
120,cockroach,36:13.2,36:13.2
121,bear,36:13.2,36:13.2
122,duck,36:13.2,36:13.2
123,impala,36:13.2,36:13.2
124,prairie dog,36:13.2,36:13.2
125,yellowjacket,36:13.2,36:13.2
126,cricket,36:13.2,36:13.2
127,leopard,36:13.2,36:13.2
128,monkey,36:13.3,36:13.3
129,snail,36:13.3,36:13.3
130,skunk,36:13.3,36:13.3
131,moose,36:13.3,36:13.3
132,goat,36:13.3,36:13.3
133,gnat,36:13.3,36:13.3
134,bee,36:13.3,36:13.3
135,beetle,36:13.3,36:13.3
136,porpoise,36:13.3,36:13.3
137,cattle,36:13.3,36:13.3
138,dolphin,36:13.3,36:13.3
139,lion,36:13.4,36:13.4
140,guinea pig,36:13.4,36:13.4
141,clam,36:13.4,36:13.4
142,worm,36:13.4,36:13.4
143,monkey,36:13.4,36:13.4
144,lizard,36:13.4,36:13.4
145,moose,36:13.4,36:13.4
146,alpaca,36:13.5,36:13.5
147,rhinoceros,36:13.5,36:13.5
148,hyena,36:13.5,36:13.5
149,sea lion,36:13.5,36:13.5
150,chinchilla,36:13.5,36:13.5
151,gnat,36:13.5,36:13.5
152,hedgehog,36:13.5,36:13.5
153,elephant,36:13.5,36:13.5
154,macaw,36:13.6,36:13.6
155,porpoise,36:13.6,36:13.6
156,duck,36:13.6,36:13.6
157,hamster,36:13.6,36:13.6
158,impala,36:13.6,36:13.6
159,mink,36:13.6,36:13.6
160,hyena,36:13.6,36:13.6
161,pig,36:13.6,36:13.6
162,walrus,36:13.6,36:13.6
163,crab,36:13.7,36:13.7
164,prairie dog,36:13.7,36:13.7
165,hound,36:13.7,36:13.7
166,mosquito,36:13.7,36:13.7
167,hare,36:13.8,36:13.8
168,porpoise,36:13.8,36:13.8
169,crocodile,36:13.9,36:13.9
170,manatee,36:13.9,36:13.9
171,fox,36:14.0,36:14.0
172,jackal,36:14.0,36:14.0
173,platypus,36:14.0,36:14.0
174,fish,36:14.0,36:14.0
175,goldfish,36:14.1,36:14.1
176,reindeer,36:14.1,36:14.1
177,hamster,36:14.1,36:14.1
178,salmon,36:14.1,36:14.1
179,cricket,36:14.1,36:14.1
180,scorpion,36:14.1,36:14.1
181,hippopotamus,36:14.1,36:14.1
182,marten,36:14.1,36:14.1
183,goose,36:14.1,36:14.1
184,rabbit,36:14.1,36:14.1
185,cicada,36:14.1,36:14.1
186,zebra,36:14.1,36:14.1
187,ox,36:14.1,36:14.1
188,mule,36:14.2,36:14.2
189,eel,36:14.2,36:14.2
190,water buffalo,36:14.2,36:14.2
191,porpoise,36:14.2,36:14.2
192,gerbil,36:14.2,36:14.2
193,seal,36:14.2,36:14.2
194,cat,36:14.2,36:14.2
195,oyster,36:14.2,36:14.2
196,water buffalo,36:14.2,36:14.2
197,deer,36:14.2,36:14.2
198,toad,36:14.2,36:14.2
199,cod,36:14.2,36:14.2
200,serval,36:14.2,36:14.2
201,oyster,36:14.2,36:14.2
202,cod,36:14.3,36:14.3
203,kangaroo,36:14.3,36:14.3
204,toad,36:14.3,36:14.3
205,armadillo,36:14.3,36:14.3
206,prairie dog,36:14.3,36:14.3
207,louse,36:14.3,36:14.3
208,tiger,36:14.3,36:14.3
209,moose,36:14.3,36:14.3
210,alpaca,36:14.3,36:14.3
211,snail,36:14.3,36:14.3
212,mole,36:14.3,36:14.3
213,elk,36:14.3,36:14.3
214,badger,36:14.4,36:14.4
215,mule,36:14.4,36:14.4
216,cattle,36:14.4,36:14.4
217,locust,36:14.4,36:14.4
218,giraffe,36:14.4,36:14.4
219,sea lion,36:14.4,36:14.4
220,eel,36:14.5,36:14.5
221,grasshopper,36:14.5,36:14.5
222,fly,36:14.5,36:14.5
223,panda,36:14.5,36:14.5
224,prairie dog,36:14.5,36:14.5
225,mule,36:14.5,36:14.5
226,minnow,36:14.5,36:14.5
227,toad,36:14.5,36:14.5
228,butterfly,36:14.5,36:14.5
229,ox,36:14.5,36:14.5
230,jellyfish,36:14.5,36:14.5
231,koala,36:14.5,36:14.5
232,sheep,36:14.5,36:14.5
233,deer,36:14.6,36:14.6
234,snake,36:14.6,36:14.6
235,gnat,36:14.6,36:14.6
236,worm,36:14.6,36:14.6
237,wolf,36:14.6,36:14.6
238,locust,36:14.6,36:14.6
239,snake,36:14.6,36:14.6
240,cricket,36:14.6,36:14.6
241,mallard,36:14.6,36:14.6
242,zebra,36:14.6,36:14.6
243,gnat,36:14.6,36:14.6
244,deer,36:14.7,36:14.7
245,gerbil,36:14.7,36:14.7
246,sheep,36:14.7,36:14.7
247,antelope,36:14.7,36:14.7
248,dog,36:14.7,36:14.7
249,platypus,36:14.7,36:14.7
250,louse,36:14.7,36:14.7
251,platypus,36:14.7,36:14.7
252,hound,36:14.7,36:14.7
253,cockroach,36:14.7,36:14.7
254,otter,36:14.7,36:14.7
255,clam,36:14.7,36:14.7
256,worm,36:14.7,36:14.7
257,louse,36:14.7,36:14.7
258,cricket,36:14.8,36:14.8
259,cheetah,36:14.8,36:14.8
260,kangaroo,36:14.8,36:14.8
261,impala,36:14.8,36:14.8
262,koala,36:14.8,36:14.8
263,alligator,36:14.8,36:14.8
264,oyster,36:14.8,36:14.8
265,raccoon,36:14.8,36:14.8
266,cockroach,36:14.8,36:14.8
267,sea lion,36:14.8,36:14.8
268,hyena,36:14.8,36:14.8
269,hippopotamus,36:14.8,36:14.8
270,wildebeest,36:14.8,36:14.8
271,porpoise,36:14.8,36:14.8
272,donkey,36:14.9,36:14.9
273,mosquito,36:14.9,36:14.9
274,moose,36:14.9,36:14.9
275,jellyfish,36:14.9,36:14.9
276,trout,36:14.9,36:14.9
277,elephant,36:14.9,36:14.9
278,louse,36:14.9,36:14.9
279,prairie dog,36:14.9,36:14.9
280,caribou,36:14.9,36:14.9
281,goose,36:14.9,36:14.9
282,lizard,36:14.9,36:14.9
283,elk,36:14.9,36:14.9
284,koala,36:14.9,36:14.9
285,clam,36:14.9,36:14.9
286,beetle,36:15.0,36:15.0
287,louse,36:15.0,36:15.0
288,fox,36:15.0,36:15.0
289,yak,36:15.0,36:15.0
290,moose,36:15.0,36:15.0
291,toad,36:15.0,36:15.0
292,deer,36:15.0,36:15.0
293,bat,36:15.0,36:15.0
294,wallaby,36:15.0,36:15.0
295,louse,36:15.0,36:15.0
296,gnu,36:15.0,36:15.0
297,clam,36:15.0,36:15.0
298,tortoise,36:15.0,36:15.0
299,guinea pig,36:15.1,36:15.1
300,raccoon,36:15.1,36:15.1
301,hyena,36:15.1,36:15.1
302,armadillo,36:15.1,36:15.1
303,weasel,36:15.1,36:15.1
304,wombat,36:15.1,36:15.1
305,eagle,36:15.1,36:15.1
306,reindeer,36:15.1,36:15.1
307,goldfish,36:15.1,36:15.1
308,deer,36:15.1,36:15.1
309,dinosaur,36:15.1,36:15.1
310,minnow,36:15.1,36:15.1
311,tortoise,36:15.1,36:15.1
312,woodchuck,36:15.2,36:15.2
313,wolf,36:15.2,36:15.2
314,porpoise,36:15.2,36:15.2
315,tortoise,36:15.2,36:15.2
316,llama,36:15.2,36:15.2
317,camel,36:15.2,36:15.2
318,ox,36:15.2,36:15.2
319,mouse,36:15.2,36:15.2
320,toad,36:15.2,36:15.2
321,snake,36:15.2,36:15.2
322,spider,36:15.2,36:15.2
323,clam,36:15.2,36:15.2
324,armadillo,36:15.2,36:15.2
325,gorilla,36:15.2,36:15.2
326,gorilla,36:15.3,36:15.3
327,crow,36:15.3,36:15.3
328,lizard,36:15.3,36:15.3
329,fish,36:15.3,36:15.3
330,snake,36:15.3,36:15.3
331,antelope,36:15.3,36:15.3
332,mouse,36:15.3,36:15.3
333,turtle,36:15.3,36:15.3
334,pug,36:15.3,36:15.3
335,louse,36:15.3,36:15.3
336,moose,36:15.3,36:15.3
337,rat,36:15.3,36:15.3
338,gorilla,36:15.3,36:15.3
339,crab,36:15.3,36:15.3
340,bat,36:15.4,36:15.4
341,hamster,36:15.4,36:15.4
342,rabbit,36:15.4,36:15.4
343,fish,36:15.4,36:15.4
344,sardine,36:15.4,36:15.4
345,hound,36:15.4,36:15.4
346,eel,36:15.4,36:15.4
347,caribou,36:15.4,36:15.4
348,hedgehog,36:15.4,36:15.4
349,toad,36:15.4,36:15.4
350,platypus,36:15.4,36:15.4
351,beaver,36:15.4,36:15.4
352,prairie dog,36:15.4,36:15.4
353,guinea pig,36:15.4,36:15.4
354,hornet,36:15.5,36:15.5
355,mule,36:15.5,36:15.5
356,dog,36:15.5,36:15.5
357,porpoise,36:15.5,36:15.5
358,trout,36:15.5,36:15.5
359,mallard,36:15.5,36:15.5
360,woodchuck,36:15.5,36:15.5
361,hare,36:15.5,36:15.5
362,otter,36:15.5,36:15.5
363,elephant,36:15.5,36:15.5
364,jackal,36:15.5,36:15.5
365,wombat,36:15.5,36:15.5
366,cat,36:15.5,36:15.5
367,butterfly,36:15.5,36:15.5
368,eagle,36:15.6,36:15.6
369,salmon,36:15.6,36:15.6
370,rabbit,36:15.6,36:15.6
371,rhinoceros,36:15.6,36:15.6
372,wildebeest,36:15.6,36:15.6
373,gorilla,36:15.6,36:15.6
374,sheep,36:15.6,36:15.6
375,macaw,36:15.6,36:15.6
376,worm,36:15.6,36:15.6
377,serval,36:15.6,36:15.6
378,mallard,36:15.6,36:15.6
379,buffalo,36:15.6,36:15.6
380,cod,36:15.6,36:15.6
381,coyote,36:15.6,36:15.6
382,dog,36:15.7,36:15.7
383,buffalo,36:15.7,36:15.7
384,tiger,36:15.7,36:15.7
385,termite,36:15.7,36:15.7
386,hippopotamus,36:15.7,36:15.7
387,leopard,36:15.7,36:15.7
388,duck,36:15.7,36:15.7
389,cod,36:15.7,36:15.7
390,fox,36:15.7,36:15.7
391,reindeer,36:15.7,36:15.7
392,water buffalo,36:15.7,36:15.7
393,cricket,36:15.7,36:15.7
394,beaver,36:15.7,36:15.7
395,antelope,36:15.8,36:15.8
396,toad,36:15.8,36:15.8
397,wolf,36:15.8,36:15.8
398,gnu,36:15.8,36:15.8
399,swan,36:15.8,36:15.8
400,zebra,36:15.8,36:15.8
401,locust,36:15.8,36:15.8
402,muskrat,36:15.8,36:15.8
403,ant,36:15.8,36:15.8
404,lion,36:15.8,36:15.8
405,camel,36:15.8,36:15.8
406,deer,36:15.8,36:15.8
407,ant,36:15.8,36:15.8
408,leopard,36:15.9,36:15.9
409,elk,36:15.9,36:15.9
410,cod,36:15.9,36:15.9
411,wallaby,36:15.9,36:15.9
412,antelope,36:15.9,36:15.9
413,marten,36:15.9,36:15.9
414,raccoon,36:15.9,36:15.9
415,swan,36:15.9,36:15.9
416,dolphin,36:15.9,36:15.9
417,worm,36:15.9,36:15.9
418,scorpion,36:15.9,36:15.9
419,hyena,36:15.9,36:15.9
420,goose,36:15.9,36:15.9
421,termite,36:16.0,36:16.0
422,rhinoceros,36:16.0,36:16.0
423,goose,36:16.0,36:16.0
424,crocodile,36:16.0,36:16.0
425,armadillo,36:16.0,36:16.0
426,hippopotamus,36:16.0,36:16.0
427,termite,36:16.0,36:16.0
428,platypus,36:16.0,36:16.0
429,gorilla,36:16.0,36:16.0
430,toad,36:16.0,36:16.0
431,horse,36:16.0,36:16.0
432,weasel,36:16.0,36:16.0
433,serval,36:16.0,36:16.0
434,bat,36:16.1,36:16.1
435,reindeer,36:16.1,36:16.1
436,ox,36:16.1,36:16.1
437,mule,36:16.1,36:16.1
438,cattle,36:16.1,36:16.1
439,monkey,36:16.1,36:16.1
440,bear,36:16.1,36:16.1
441,muskrat,36:16.1,36:16.1
442,woodchuck,36:16.1,36:16.1
443,mammoth,36:16.1,36:16.1
444,squirrel,36:16.1,36:16.1
445,jellyfish,36:16.1,36:16.1
446,eagle,36:16.1,36:16.1
447,fly,36:16.1,36:16.1
448,zebra,36:16.2,36:16.2
449,mallard,36:16.2,36:16.2
450,goat,36:16.2,36:16.2
451,buffalo,36:16.2,36:16.2
452,armadillo,36:16.2,36:16.2
453,platypus,36:16.2,36:16.2
454,chinchilla,36:16.2,36:16.2
455,chimpanzee,36:16.2,36:16.2
456,duck,36:16.2,36:16.2
457,manatee,36:16.2,36:16.2
458,camel,36:16.2,36:16.2
459,goldfish,36:16.2,36:16.2
460,water buffalo,36:16.2,36:16.2
461,elk,36:16.3,36:16.3
462,skunk,36:16.3,36:16.3
463,wildebeest,36:16.3,36:16.3
464,crow,36:16.3,36:16.3
465,clam,36:16.3,36:16.3
466,wildebeest,36:16.3,36:16.3
467,badger,36:16.3,36:16.3
468,marten,36:16.3,36:16.3
469,serval,36:16.3,36:16.3
470,deer,36:16.3,36:16.3
471,gnat,36:16.3,36:16.3
472,louse,36:16.3,36:16.3
473,otter,36:16.3,36:16.3
474,sea lion,36:16.3,36:16.3
475,gerbil,36:16.4,36:16.4
476,zebra,36:16.4,36:16.4
477,bear,36:16.4,36:16.4
478,shark,36:16.4,36:16.4
479,dinosaur,36:16.4,36:16.4
480,minnow,36:16.4,36:16.4
481,alpaca,36:16.4,36:16.4
482,wildebeest,36:16.4,36:16.4
483,mule,36:16.4,36:16.4
484,oyster,36:16.4,36:16.4
485,reindeer,36:16.4,36:16.4
486,koala,36:16.4,36:16.4
487,marten,36:16.5,36:16.5
488,leopard,36:16.5,36:16.5
489,crocodile,36:16.5,36:16.5
490,mole,36:16.5,36:16.5
491,cockroach,36:16.5,36:16.5
492,platypus,36:16.5,36:16.5
493,ferret,36:16.5,36:16.5
494,camel,36:16.5,36:16.5
495,macaw,36:16.5,36:16.5
496,woodchuck,36:16.5,36:16.5
497,woodchuck,36:16.5,36:16.5
498,monkey,36:16.5,36:16.5
499,elephant,36:16.5,36:16.5
500,fly,36:16.5,36:16.5
501,sheep,36:16.6,36:16.6
502,mole,36:16.6,36:16.6
503,whale,36:16.6,36:16.6
504,caribou,36:16.6,36:16.6
505,mosquito,36:16.6,36:16.6
506,deer,36:16.6,36:16.6
507,elk,36:16.6,36:16.6
508,dinosaur,36:16.6,36:16.6
509,crow,36:16.6,36:16.6
510,beaver,36:16.6,36:16.6
511,fly,36:16.6,36:16.6
512,bee,36:16.6,36:16.6
513,manatee,36:16.7,36:16.7
514,ox,36:16.7,36:16.7
515,macaw,36:16.7,36:16.7
516,horse,36:16.7,36:16.7
517,donkey,36:16.7,36:16.7
518,jackal,36:16.7,36:16.7
519,sea lion,36:16.7,36:16.7
520,ant,36:16.7,36:16.7
521,cheetah,36:16.7,36:16.7
522,louse,36:16.7,36:16.7
523,snail,36:16.7,36:16.7
524,chinchilla,36:16.7,36:16.7
525,walrus,36:16.7,36:16.7
526,goat,36:16.7,36:16.7
527,bat,36:16.8,36:16.8
528,giraffe,36:16.8,36:16.8
529,cockroach,36:16.8,36:16.8
530,caribou,36:16.8,36:16.8
531,eel,36:16.8,36:16.8
532,swan,36:16.8,36:16.8
533,cattle,36:16.8,36:16.8
534,shark,36:16.8,36:16.8
535,alligator,36:16.8,36:16.8
536,chinchilla,36:16.8,36:16.8
537,scorpion,36:16.8,36:16.8
538,shark,36:16.9,36:16.9
539,elephant,36:16.9,36:16.9
540,mule,36:16.9,36:16.9
541,donkey,36:16.9,36:16.9
542,spider,36:16.9,36:16.9
543,crow,36:16.9,36:16.9
544,beetle,36:16.9,36:16.9
545,sardine,36:16.9,36:16.9
546,hound,36:16.9,36:16.9
547,dog,36:16.9,36:16.9
548,yellowjacket,36:16.9,36:16.9
549,frog,36:16.9,36:16.9
550,cheetah,36:16.9,36:16.9
551,ferret,36:17.0,36:17.0
552,porcupine,36:17.0,36:17.0
553,dog,36:17.0,36:17.0
554,porcupine,36:17.0,36:17.0
555,gorilla,36:17.0,36:17.0
556,yellowjacket,36:17.0,36:17.0
557,swan,36:17.0,36:17.0
558,coyote,36:17.0,36:17.0
559,otter,36:17.0,36:17.0
560,crab,36:17.0,36:17.0
561,worm,36:17.0,36:17.0
562,louse,36:17.0,36:17.0
563,whale,36:17.0,36:17.0
564,worm,36:17.0,36:17.0
565,coyote,36:17.1,36:17.1
566,clam,36:17.1,36:17.1
567,muskrat,36:17.1,36:17.1
568,hare,36:17.1,36:17.1
569,eel,36:17.1,36:17.1
570,tortoise,36:17.1,36:17.1
571,butterfly,36:17.1,36:17.1
572,elk,36:17.1,36:17.1
573,hedgehog,36:17.2,36:17.2
574,crow,36:17.2,36:17.2
575,cheetah,36:17.2,36:17.2
576,caribou,36:17.2,36:17.2
577,cricket,36:17.2,36:17.2
578,gerbil,36:17.2,36:17.2
579,raven,36:17.2,36:17.2
580,prairie dog,36:17.2,36:17.2
581,llama,36:17.2,36:17.2
582,monkey,36:17.2,36:17.2
583,termite,36:17.2,36:17.2
584,llama,36:17.2,36:17.2
585,tortoise,36:17.2,36:17.2
586,elk,36:17.3,36:17.3
587,louse,36:17.3,36:17.3
588,zebra,36:17.3,36:17.3
589,eel,36:17.3,36:17.3
590,dinosaur,36:17.3,36:17.3
591,salmon,36:17.3,36:17.3
592,gnu,36:17.3,36:17.3
593,bee,36:17.3,36:17.3
594,rabbit,36:17.3,36:17.3
595,chimpanzee,36:17.3,36:17.3
596,rabbit,36:17.3,36:17.3
597,louse,36:17.3,36:17.3
598,snake,36:17.3,36:17.3
599,fox,36:17.3,36:17.3
600,dolphin,36:17.4,36:17.4
601,wolf,36:17.4,36:17.4
602,ferret,36:17.4,36:17.4
603,fox,36:17.4,36:17.4
604,herring,36:17.4,36:17.4
605,fly,36:17.4,36:17.4
606,hare,36:17.4,36:17.4
607,elephant,36:17.4,36:17.4
608,moose,36:17.4,36:17.4
609,crab,36:17.4,36:17.4
610,impala,36:17.4,36:17.4
611,porpoise,36:17.4,36:17.4
612,crab,36:17.4,36:17.4
613,cheetah,36:17.4,36:17.4
614,jackal,36:17.5,36:17.5
615,wombat,36:17.5,36:17.5
616,hamster,36:17.5,36:17.5
617,squirrel,36:17.5,36:17.5
618,termite,36:17.5,36:17.5
619,spider,36:17.5,36:17.5
620,horse,36:17.5,36:17.5
621,prairie dog,36:17.5,36:17.5
622,tiger,36:17.5,36:17.5
623,ferret,36:17.5,36:17.5
624,worm,36:17.5,36:17.5
625,llama,36:17.5,36:17.5
626,raccoon,36:17.5,36:17.5
627,dog,36:17.5,36:17.5
628,porcupine,36:17.6,36:17.6
629,goose,36:17.6,36:17.6
630,chimpanzee,36:17.6,36:17.6
631,otter,36:17.6,36:17.6
632,kangaroo,36:17.6,36:17.6
633,porpoise,36:17.6,36:17.6
634,cicada,36:17.6,36:17.6
635,guinea pig,36:17.6,36:17.6
636,jackal,36:17.6,36:17.6
637,chimpanzee,36:17.6,36:17.6
638,cattle,36:17.6,36:17.6
639,ant,36:17.6,36:17.6
640,pig,36:17.6,36:17.6
641,scorpion,36:17.6,36:17.6
642,moose,36:17.7,36:17.7
643,goldfish,36:17.7,36:17.7
644,jellyfish,36:17.7,36:17.7
645,scorpion,36:17.7,36:17.7
646,guinea pig,36:17.7,36:17.7
647,raven,36:17.7,36:17.7
648,raccoon,36:17.7,36:17.7
649,lizard,36:17.7,36:17.7
650,raccoon,36:17.7,36:17.7
651,alpaca,36:17.7,36:17.7
652,koala,36:17.7,36:17.7
653,wolf,36:17.7,36:17.7
654,mallard,36:17.7,36:17.7
655,hippopotamus,36:17.7,36:17.7
656,turtle,36:17.8,36:17.8
657,shark,36:17.8,36:17.8
658,water buffalo,36:17.8,36:17.8
659,grasshopper,36:17.8,36:17.8
660,hedgehog,36:17.8,36:17.8
661,goose,36:17.8,36:17.8
662,reindeer,36:17.8,36:17.8
663,wolf,36:17.8,36:17.8
664,trout,36:17.8,36:17.8
665,salmon,36:17.8,36:17.8
666,cockroach,36:17.8,36:17.8
667,raccoon,36:17.8,36:17.8
668,salmon,36:17.8,36:17.8
669,sheep,36:17.8,36:17.8
670,cattle,36:17.9,36:17.9
671,scorpion,36:17.9,36:17.9
672,dolphin,36:17.9,36:17.9
673,llama,36:17.9,36:17.9
674,gerbil,36:17.9,36:17.9
675,badger,36:17.9,36:17.9
676,yellowjacket,36:17.9,36:17.9
677,caribou,36:17.9,36:17.9
678,yak,36:17.9,36:17.9
679,seal,36:17.9,36:17.9
680,serval,36:17.9,36:17.9
681,sea lion,36:17.9,36:17.9
682,horse,36:17.9,36:17.9
683,hedgehog,36:18.0,36:18.0
684,zebra,36:18.0,36:18.0
685,trout,36:18.0,36:18.0
686,hippopotamus,36:18.0,36:18.0
687,scorpion,36:18.0,36:18.0
688,cockroach,36:18.0,36:18.0
689,impala,36:18.0,36:18.0
690,clam,36:18.0,36:18.0
691,gnu,36:18.0,36:18.0
692,wolf,36:18.0,36:18.0
693,cockroach,36:18.0,36:18.0
694,antelope,36:18.0,36:18.0
695,snake,36:18.0,36:18.0
696,crow,36:18.0,36:18.0
697,turtle,36:18.1,36:18.1
698,shark,36:18.1,36:18.1
699,seal,36:18.1,36:18.1
700,termite,36:18.1,36:18.1
701,ant,36:18.1,36:18.1
702,wolf,36:18.1,36:18.1
703,crow,36:18.1,36:18.1
704,beaver,36:18.1,36:18.1
705,fox,36:18.1,36:18.1
706,hamster,36:18.1,36:18.1
707,duck,36:18.1,36:18.1
708,duck,36:18.1,36:18.1
709,beetle,36:18.1,36:18.1
710,otter,36:18.1,36:18.1
711,ape,36:18.2,36:18.2
712,kangaroo,36:18.2,36:18.2
713,manatee,36:18.2,36:18.2
714,jellyfish,36:18.2,36:18.2
715,dolphin,36:18.2,36:18.2
716,rhinoceros,36:18.2,36:18.2
717,zebra,36:18.2,36:18.2
718,spider,36:18.2,36:18.2
719,reindeer,36:18.2,36:18.2
720,goldfish,36:18.2,36:18.2
721,ox,36:18.2,36:18.2
722,clam,36:18.2,36:18.2
723,hippopotamus,36:18.2,36:18.2
724,shark,36:18.2,36:18.2
725,yellowjacket,36:18.3,36:18.3
726,panda,36:18.3,36:18.3
727,dolphin,36:18.3,36:18.3
728,camel,36:18.3,36:18.3
729,tortoise,36:18.3,36:18.3
730,elk,36:18.3,36:18.3
731,porpoise,36:18.3,36:18.3
732,wombat,36:18.3,36:18.3
733,dog,36:18.3,36:18.3
734,rat,36:18.3,36:18.3
735,gorilla,36:18.3,36:18.3
736,koala,36:18.3,36:18.3
737,dog,36:18.3,36:18.3
738,raccoon,36:18.4,36:18.4
739,trout,36:18.4,36:18.4
740,raven,36:18.4,36:18.4
741,turtle,36:18.4,36:18.4
742,seal,36:18.4,36:18.4
743,hamster,36:18.4,36:18.4
744,goat,36:18.4,36:18.4
745,bee,36:18.4,36:18.4
746,oyster,36:18.4,36:18.4
747,yak,36:18.4,36:18.4
748,dinosaur,36:18.4,36:18.4
749,leopard,36:18.4,36:18.4
750,goldfish,36:18.4,36:18.4
751,platypus,36:18.4,36:18.4
752,mole,36:18.5,36:18.5
753,herring,36:18.5,36:18.5
754,bat,36:18.5,36:18.5
755,trout,36:18.5,36:18.5
756,gorilla,36:18.5,36:18.5
757,armadillo,36:18.5,36:18.5
758,guinea pig,36:18.5,36:18.5
759,cheetah,36:18.5,36:18.5
760,rabbit,36:18.5,36:18.5
761,wasp,36:18.5,36:18.5
762,reindeer,36:18.5,36:18.5
763,koala,36:18.6,36:18.6
764,louse,36:18.6,36:18.6
765,cricket,36:18.6,36:18.6
766,guinea pig,36:18.6,36:18.6
767,mallard,36:18.6,36:18.6
768,mosquito,36:18.6,36:18.6
769,louse,36:18.6,36:18.6
770,buffalo,36:18.6,36:18.6
771,cat,36:18.6,36:18.6
772,weasel,36:18.6,36:18.6
773,mink,36:18.6,36:18.6
774,hare,36:18.6,36:18.6
775,ape,36:18.7,36:18.7
776,chimpanzee,36:18.7,36:18.7
777,caribou,36:18.7,36:18.7
778,gnat,36:18.7,36:18.7
779,raccoon,36:18.7,36:18.7
780,pig,36:18.7,36:18.7
781,clam,36:18.7,36:18.7
782,otter,36:18.7,36:18.7
783,swan,36:18.7,36:18.7
784,cockroach,36:18.7,36:18.7
785,toad,36:18.7,36:18.7
786,cricket,36:18.7,36:18.7
787,mallard,36:18.7,36:18.7
788,sheep,36:18.7,36:18.7
789,porpoise,36:18.8,36:18.8
790,antelope,36:18.8,36:18.8
791,shark,36:18.8,36:18.8
792,yak,36:18.8,36:18.8
793,spider,36:18.8,36:18.8
794,lion,36:18.8,36:18.8
795,snake,36:18.8,36:18.8
796,platypus,36:18.8,36:18.8
797,minnow,36:18.8,36:18.8
798,cod,36:18.8,36:18.8
799,cricket,36:18.8,36:18.8
800,buffalo,36:18.8,36:18.8
801,armadillo,36:18.8,36:18.8
802,elephant,36:18.8,36:18.8
803,badger,36:18.9,36:18.9
804,koala,36:18.9,36:18.9
805,camel,36:18.9,36:18.9
806,scorpion,36:18.9,36:18.9
807,tortoise,36:18.9,36:18.9
808,eagle,36:18.9,36:18.9
809,wolf,36:18.9,36:18.9
810,duck,36:18.9,36:18.9
811,mink,36:18.9,36:18.9
812,porpoise,36:18.9,36:18.9
813,seal,36:18.9,36:18.9
814,mule,36:18.9,36:18.9
815,cod,36:18.9,36:18.9
816,pug,36:18.9,36:18.9
817,armadillo,36:19.0,36:19.0
818,gorilla,36:19.0,36:19.0
819,shark,36:19.0,36:19.0
820,turtle,36:19.0,36:19.0
821,rhinoceros,36:19.0,36:19.0
822,hedgehog,36:19.0,36:19.0
823,hare,36:19.0,36:19.0
824,worm,36:19.0,36:19.0
825,minnow,36:19.0,36:19.0
826,tiger,36:19.0,36:19.0
827,oyster,36:19.0,36:19.0
828,salmon,36:19.0,36:19.0
829,dinosaur,36:19.0,36:19.0
830,gerbil,36:19.1,36:19.1
831,reindeer,36:19.1,36:19.1
832,hyena,36:19.1,36:19.1
833,swan,36:19.1,36:19.1
834,rat,36:19.1,36:19.1
835,tiger,36:19.1,36:19.1
836,squirrel,36:19.1,36:19.1
837,cheetah,36:19.1,36:19.1
838,cicada,36:19.1,36:19.1
839,tiger,36:19.1,36:19.1
840,beetle,36:19.1,36:19.1
841,mouse,36:19.1,36:19.1
842,ant,36:19.1,36:19.1
843,donkey,36:19.2,36:19.2
844,coyote,36:19.2,36:19.2
845,pig,36:19.2,36:19.2
846,hippopotamus,36:19.2,36:19.2
847,hornet,36:19.2,36:19.2
848,hedgehog,36:19.2,36:19.2
849,tiger,36:19.2,36:19.2
850,manatee,36:19.2,36:19.2
851,mallard,36:19.2,36:19.2
852,wombat,36:19.2,36:19.2
853,clam,36:19.2,36:19.2
854,hyena,36:19.2,36:19.2
855,macaw,36:19.2,36:19.2
856,monkey,36:19.2,36:19.2
857,cat,36:19.3,36:19.3
858,tortoise,36:19.3,36:19.3
859,hound,36:19.3,36:19.3
860,reindeer,36:19.3,36:19.3
861,zebra,36:19.3,36:19.3
862,wasp,36:19.3,36:19.3
863,serval,36:19.3,36:19.3
864,cricket,36:19.3,36:19.3
865,armadillo,36:19.3,36:19.3
866,chinchilla,36:19.3,36:19.3
867,armadillo,36:19.3,36:19.3
868,hedgehog,36:19.3,36:19.3
869,hedgehog,36:19.3,36:19.3
870,beetle,36:19.4,36:19.4
871,alpaca,36:19.4,36:19.4
872,alligator,36:19.4,36:19.4
873,mink,36:19.4,36:19.4
874,weasel,36:19.4,36:19.4
875,panda,36:19.4,36:19.4
876,goat,36:19.4,36:19.4
877,guinea pig,36:19.4,36:19.4
878,clam,36:19.4,36:19.4
879,badger,36:19.4,36:19.4
880,cod,36:19.4,36:19.4
881,jellyfish,36:19.4,36:19.4
882,goose,36:19.4,36:19.4
883,porpoise,36:19.4,36:19.4
884,wildebeest,36:19.5,36:19.5
885,woodchuck,36:19.5,36:19.5
886,trout,36:19.5,36:19.5
887,hound,36:19.5,36:19.5
888,wombat,36:19.5,36:19.5
889,jellyfish,36:19.5,36:19.5
890,mouse,36:19.5,36:19.5
891,salmon,36:19.5,36:19.5
892,serval,36:19.5,36:19.5
893,cricket,36:19.5,36:19.5
894,goose,36:19.5,36:19.5
895,rabbit,36:19.5,36:19.5
896,dog,36:19.5,36:19.5
897,elephant,36:19.5,36:19.5
898,hornet,36:19.6,36:19.6
899,sheep,36:19.6,36:19.6
900,donkey,36:19.6,36:19.6
901,hound,36:19.6,36:19.6
902,herring,36:19.6,36:19.6
903,lizard,36:19.6,36:19.6
904,macaw,36:19.6,36:19.6
905,gerbil,36:19.6,36:19.6
906,donkey,36:19.6,36:19.6
907,jackal,36:19.6,36:19.6
908,reindeer,36:19.6,36:19.6
909,giraffe,36:19.6,36:19.6
910,cicada,36:19.6,36:19.6
911,alpaca,36:19.6,36:19.6
912,dog,36:19.7,36:19.7
913,llama,36:19.7,36:19.7
914,antelope,36:19.7,36:19.7
915,ape,36:19.7,36:19.7
916,macaw,36:19.7,36:19.7
917,cockroach,36:19.7,36:19.7
918,platypus,36:19.7,36:19.7
919,water buffalo,36:19.7,36:19.7
920,sardine,36:19.7,36:19.7
921,rat,36:19.7,36:19.7
922,wildebeest,36:19.7,36:19.7
923,shark,36:19.7,36:19.7
924,bee,36:19.7,36:19.7
925,spider,36:19.7,36:19.7
926,locust,36:19.8,36:19.8
927,rabbit,36:19.8,36:19.8
928,llama,36:19.8,36:19.8
929,dolphin,36:19.8,36:19.8
930,yak,36:19.8,36:19.8
931,mule,36:19.8,36:19.8
932,elk,36:19.8,36:19.8
933,armadillo,36:19.8,36:19.8
934,monkey,36:19.9,36:19.9
935,clam,36:19.9,36:19.9
936,trout,36:19.9,36:19.9
937,hare,36:19.9,36:19.9
938,llama,36:19.9,36:19.9
939,duck,36:19.9,36:19.9
940,frog,36:19.9,36:19.9
941,caribou,36:19.9,36:19.9
942,snail,36:19.9,36:19.9
943,frog,36:19.9,36:19.9
944,butterfly,36:19.9,36:19.9
945,porpoise,36:20.0,36:20.0
946,wildebeest,36:20.0,36:20.0
947,pug,36:20.0,36:20.0
948,platypus,36:20.0,36:20.0
949,porpoise,36:20.0,36:20.0
950,rat,36:20.0,36:20.0
951,louse,36:20.0,36:20.0
952,baboon,36:20.0,36:20.0
953,armadillo,36:20.0,36:20.0
954,sheep,36:20.0,36:20.0
955,horse,36:20.0,36:20.0
956,cicada,36:20.0,36:20.0
957,cockroach,36:20.0,36:20.0
958,clam,36:20.1,36:20.1
959,gorilla,36:20.1,36:20.1
960,seal,36:20.1,36:20.1
961,crocodile,36:20.1,36:20.1
962,gnu,36:20.1,36:20.1
963,oyster,36:20.1,36:20.1
964,clam,36:20.1,36:20.1
965,gnat,36:20.1,36:20.1
966,pig,36:20.1,36:20.1
967,reindeer,36:20.1,36:20.1
968,worm,36:20.1,36:20.1
969,koala,36:20.1,36:20.1
970,scorpion,36:20.1,36:20.1
971,crocodile,36:20.2,36:20.2
972,wombat,36:20.2,36:20.2
973,yellowjacket,36:20.2,36:20.2
974,moose,36:20.2,36:20.2
975,bear,36:20.2,36:20.2
976,hare,36:20.2,36:20.2
977,ox,36:20.2,36:20.2
978,tortoise,36:20.2,36:20.2
979,bee,36:20.2,36:20.2
980,reindeer,36:20.2,36:20.2
981,sardine,36:20.2,36:20.2
982,cicada,36:20.2,36:20.2
983,louse,36:20.3,36:20.3
984,mouse,36:20.3,36:20.3
985,reindeer,36:20.3,36:20.3
986,pig,36:20.3,36:20.3
987,oyster,36:20.3,36:20.3
988,antelope,36:20.3,36:20.3
989,panda,36:20.3,36:20.3
990,impala,36:20.3,36:20.3
991,raven,36:20.3,36:20.3
992,weasel,36:20.3,36:20.3
993,crocodile,36:20.3,36:20.3
994,porcupine,36:20.3,36:20.3
995,locust,36:20.3,36:20.3
996,mallard,36:20.3,36:20.3
997,gorilla,36:20.4,36:20.4
998,eagle,36:20.4,36:20.4
999,dinosaur,36:20.4,36:20.4
1000,fox,36:20.4,36:20.4
1001,grasshopper,36:20.4,36:20.4
1002,caribou,36:20.4,36:20.4
1003,duck,36:20.4,36:20.4
1004,bear,36:20.4,36:20.4
1005,cockroach,36:20.4,36:20.4
1006,gnu,36:20.4,36:20.4
1007,chinchilla,36:20.4,36:20.4
1008,crow,36:20.4,36:20.4
1009,squirrel,36:20.4,36:20.4
1010,worm,36:20.4,36:20.4
1011,eagle,36:20.5,36:20.5
1012,raccoon,36:20.5,36:20.5
1013,chinchilla,36:20.5,36:20.5
1014,sheep,36:20.5,36:20.5
1015,weasel,36:20.5,36:20.5
1016,clam,36:20.5,36:20.5
1017,dog,36:20.5,36:20.5
1018,dog,36:20.5,36:20.5
1019,tortoise,36:20.5,36:20.5
1020,duck,36:20.5,36:20.5
1021,elephant,36:20.5,36:20.5
1022,oyster,36:20.5,36:20.5
1023,fox,36:20.6,36:20.6
1024,hamster,36:20.6,36:20.6
1025,tortoise,36:20.6,36:20.6
1026,minnow,36:20.6,36:20.6
1027,grasshopper,36:20.6,36:20.6
1028,cod,36:20.6,36:20.6
1029,bat,36:20.6,36:20.6
1030,cattle,36:20.6,36:20.6
1031,eagle,36:20.6,36:20.6
1032,salmon,36:20.6,36:20.6
1033,tiger,36:20.6,36:20.6
1034,zebra,36:20.6,36:20.6
1035,zebra,36:20.6,36:20.6
1036,elk,36:20.6,36:20.6
1037,louse,36:20.7,36:20.7
1038,muskrat,36:20.7,36:20.7
1039,toad,36:20.7,36:20.7
1040,baboon,36:20.7,36:20.7
1041,hippopotamus,36:20.7,36:20.7
1042,otter,36:20.7,36:20.7
1043,mouse,36:20.7,36:20.7
1044,panda,36:20.7,36:20.7
1045,eagle,36:20.7,36:20.7
1046,clam,36:20.7,36:20.7
1047,yak,36:20.7,36:20.7
1048,rhinoceros,36:20.7,36:20.7
1049,rhinoceros,36:20.8,36:20.8
1050,wolf,36:20.8,36:20.8
1051,donkey,36:20.8,36:20.8
1052,turtle,36:20.8,36:20.8
1053,porcupine,36:20.8,36:20.8
1054,ape,36:20.8,36:20.8
1055,monkey,36:20.8,36:20.8
1056,mosquito,36:20.8,36:20.8
1057,zebra,36:20.8,36:20.8
1058,herring,36:20.8,36:20.8
1059,hedgehog,36:20.8,36:20.8
1060,hare,36:20.8,36:20.8
1061,antelope,36:20.8,36:20.8
1062,fly,36:20.8,36:20.8
1063,jellyfish,36:20.9,36:20.9
1064,shark,36:20.9,36:20.9
1065,prairie dog,36:20.9,36:20.9
1066,porcupine,36:20.9,36:20.9
1067,koala,36:20.9,36:20.9
1068,trout,36:20.9,36:20.9
1069,mammoth,36:20.9,36:20.9
1070,mole,36:20.9,36:20.9
1071,skunk,36:20.9,36:20.9
1072,moose,36:20.9,36:20.9
1073,snail,36:20.9,36:20.9
1074,fly,36:20.9,36:20.9
1075,crab,36:21.0,36:21.0
1076,mule,36:21.0,36:21.0
1077,platypus,36:21.0,36:21.0
1078,zebra,36:21.0,36:21.0
1079,wolf,36:21.0,36:21.0
1080,armadillo,36:21.0,36:21.0
1081,yak,36:21.0,36:21.0
1082,hound,36:21.0,36:21.0
1083,badger,36:21.0,36:21.0
1084,butterfly,36:21.0,36:21.0
1085,caribou,36:21.0,36:21.0
1086,pug,36:21.0,36:21.0
1087,cod,36:21.0,36:21.0
1088,porpoise,36:21.0,36:21.0
1089,scorpion,36:21.1,36:21.1
1090,serval,36:21.1,36:21.1
1091,panda,36:21.1,36:21.1
1092,guinea pig,36:21.1,36:21.1
1093,mosquito,36:21.1,36:21.1
1094,snail,36:21.1,36:21.1
1095,rat,36:21.1,36:21.1
1096,jackal,36:21.1,36:21.1
1097,wasp,36:21.1,36:21.1
1098,camel,36:21.1,36:21.1
1099,jellyfish,36:21.2,36:21.2
1100,weasel,36:21.2,36:21.2
1101,caribou,36:21.2,36:21.2
1102,muskrat,36:21.2,36:21.2
1103,deer,36:21.2,36:21.2
1104,raven,36:21.2,36:21.2
1105,cicada,36:21.2,36:21.2
1106,mule,36:21.2,36:21.2
1107,armadillo,36:21.2,36:21.2
1108,ape,36:21.3,36:21.3
1109,muskrat,36:21.3,36:21.3
1110,wombat,36:21.3,36:21.3
1111,goose,36:21.3,36:21.3
1112,mule,36:21.3,36:21.3
1113,raccoon,36:21.3,36:21.3
1114,mole,36:21.3,36:21.3
1115,badger,36:21.3,36:21.3
1116,spider,36:21.3,36:21.3
1117,goose,36:21.3,36:21.3
1118,oyster,36:21.3,36:21.3
1119,rabbit,36:21.3,36:21.3
1120,grasshopper,36:21.3,36:21.3
1121,goldfish,36:21.4,36:21.4
1122,alpaca,36:21.4,36:21.4
1123,alpaca,36:21.4,36:21.4
1124,hippopotamus,36:21.4,36:21.4
1125,swan,36:21.4,36:21.4
1126,cicada,36:21.4,36:21.4
1127,kangaroo,36:21.4,36:21.4
1128,beaver,36:21.4,36:21.4
1129,duck,36:21.4,36:21.4
1130,guinea pig,36:21.4,36:21.4
1131,hound,36:21.4,36:21.4
1132,moose,36:21.4,36:21.4
1133,hippopotamus,36:21.4,36:21.4
1134,woodchuck,36:21.4,36:21.4
1135,baboon,36:21.4,36:21.4
1136,hamster,36:21.5,36:21.5
1137,ant,36:21.5,36:21.5
1138,platypus,36:21.5,36:21.5
1139,porcupine,36:21.5,36:21.5
1140,mule,36:21.5,36:21.5
1141,louse,36:21.5,36:21.5
1142,serval,36:21.5,36:21.5
1143,mole,36:21.5,36:21.5
1144,mallard,36:21.5,36:21.5
1145,mole,36:21.5,36:21.5
1146,monkey,36:21.5,36:21.5
1147,dinosaur,36:21.5,36:21.5
1148,moose,36:21.5,36:21.5
1149,dog,36:21.6,36:21.6
1150,yellowjacket,36:21.6,36:21.6
1151,louse,36:21.6,36:21.6
1152,chinchilla,36:21.6,36:21.6
1153,goldfish,36:21.6,36:21.6
1154,sheep,36:21.6,36:21.6
1155,hare,36:21.6,36:21.6
1156,clam,36:21.6,36:21.6
1157,rabbit,36:21.6,36:21.6
1158,cockroach,36:21.6,36:21.6
1159,porcupine,36:21.6,36:21.6
1160,kangaroo,36:21.6,36:21.6
1161,wasp,36:21.6,36:21.6
1162,elk,36:21.6,36:21.6
1163,butterfly,36:21.7,36:21.7
1164,elephant,36:21.7,36:21.7
1165,marten,36:21.7,36:21.7
1166,llama,36:21.7,36:21.7
1167,hippopotamus,36:21.7,36:21.7
1168,ox,36:21.7,36:21.7
1169,porpoise,36:21.7,36:21.7
1170,fly,36:21.7,36:21.7
1171,dinosaur,36:21.7,36:21.7
1172,seal,36:21.7,36:21.7
1173,monkey,36:21.7,36:21.7
1174,raven,36:21.7,36:21.7
1175,monkey,36:21.7,36:21.7
1176,snake,36:21.7,36:21.7
1177,snail,36:21.8,36:21.8
1178,muskrat,36:21.8,36:21.8
1179,sea lion,36:21.8,36:21.8
1180,elk,36:21.8,36:21.8
1181,platypus,36:21.8,36:21.8
1182,toad,36:21.8,36:21.8
1183,minnow,36:21.8,36:21.8
1184,scorpion,36:21.8,36:21.8
1185,hippopotamus,36:21.8,36:21.8
1186,termite,36:21.8,36:21.8
1187,salmon,36:21.8,36:21.8
1188,mallard,36:21.8,36:21.8
1189,sheep,36:21.8,36:21.8
1190,fish,36:21.8,36:21.8
1191,mink,36:21.9,36:21.9
1192,bear,36:21.9,36:21.9
1193,cattle,36:21.9,36:21.9
1194,ferret,36:21.9,36:21.9
1195,dolphin,36:21.9,36:21.9
1196,baboon,36:21.9,36:21.9
1197,dinosaur,36:21.9,36:21.9
1198,deer,36:21.9,36:21.9
1199,shark,36:21.9,36:21.9
1200,coyote,36:21.9,36:21.9
1201,frog,36:21.9,36:21.9
1202,llama,36:21.9,36:21.9
1203,goldfish,36:21.9,36:21.9
1204,yellowjacket,36:22.0,36:22.0
1205,cockroach,36:22.0,36:22.0
1206,bat,36:22.0,36:22.0
1207,shark,36:22.0,36:22.0
1208,kangaroo,36:22.0,36:22.0
1209,elk,36:22.0,36:22.0
1210,bear,36:22.0,36:22.0
1211,elephant,36:22.0,36:22.0
1212,cod,36:22.0,36:22.0
1213,grasshopper,36:22.0,36:22.0
1214,sardine,36:22.0,36:22.0
1215,platypus,36:22.0,36:22.0
1216,mink,36:22.0,36:22.0
1217,ant,36:22.0,36:22.0
1218,elk,36:22.0,36:22.0
1219,lizard,36:22.1,36:22.1
1220,dog,36:22.1,36:22.1
1221,elephant,36:22.1,36:22.1
1222,salmon,36:22.1,36:22.1
1223,goose,36:22.1,36:22.1
1224,dinosaur,36:22.1,36:22.1
1225,frog,36:22.1,36:22.1
1226,snail,36:22.1,36:22.1
1227,gorilla,36:22.1,36:22.1
1228,goat,36:22.1,36:22.1
1229,hare,36:22.1,36:22.1
1230,mouse,36:22.1,36:22.1
1231,marten,36:22.1,36:22.1
1232,alpaca,36:22.2,36:22.2
1233,snake,36:22.2,36:22.2
1234,mink,36:22.2,36:22.2
1235,zebra,36:22.2,36:22.2
1236,trout,36:22.2,36:22.2
1237,otter,36:22.2,36:22.2
1238,wildebeest,36:22.2,36:22.2
1239,woodchuck,36:22.2,36:22.2
1240,wildebeest,36:22.2,36:22.2
1241,beetle,36:22.2,36:22.2
1242,caribou,36:22.2,36:22.2
1243,cattle,36:22.2,36:22.2
1244,cockroach,36:22.2,36:22.2
1245,otter,36:22.3,36:22.3
1246,sheep,36:22.3,36:22.3
1247,whale,36:22.3,36:22.3
1248,chimpanzee,36:22.3,36:22.3
1249,hamster,36:22.3,36:22.3
1250,mallard,36:22.3,36:22.3
1251,duck,36:22.3,36:22.3
1252,platypus,36:22.3,36:22.3
1253,oyster,36:22.3,36:22.3
1254,porpoise,36:22.3,36:22.3
1255,weasel,36:22.3,36:22.3
1256,porpoise,36:22.3,36:22.3
1257,cricket,36:22.3,36:22.3
1258,snake,36:22.4,36:22.4
1259,swan,36:22.4,36:22.4
1260,tortoise,36:22.4,36:22.4
1261,chinchilla,36:22.4,36:22.4
1262,woodchuck,36:22.4,36:22.4
1263,jellyfish,36:22.4,36:22.4
1264,mink,36:22.4,36:22.4
1265,buffalo,36:22.4,36:22.4
1266,kangaroo,36:22.4,36:22.4
1267,alpaca,36:22.4,36:22.4
1268,termite,36:22.4,36:22.4
1269,minnow,36:22.4,36:22.4
1270,gnu,36:22.4,36:22.4
1271,tiger,36:22.4,36:22.4
1272,wolf,36:22.5,36:22.5
1273,crab,36:22.5,36:22.5
1274,cod,36:22.5,36:22.5
1275,crow,36:22.5,36:22.5
1276,deer,36:22.5,36:22.5
1277,trout,36:22.5,36:22.5
1278,cheetah,36:22.5,36:22.5
1279,woodchuck,36:22.5,36:22.5
1280,rhinoceros,36:22.5,36:22.5
1281,sea lion,36:22.5,36:22.5
1282,camel,36:22.6,36:22.6
1283,kangaroo,36:22.6,36:22.6
1284,porcupine,36:22.6,36:22.6
1285,elephant,36:22.6,36:22.6
1286,marten,36:22.6,36:22.6
1287,hound,36:22.6,36:22.6
1288,yellowjacket,36:22.6,36:22.6
1289,locust,36:22.6,36:22.6
1290,elephant,36:22.6,36:22.6
1291,porcupine,36:22.6,36:22.6
1292,locust,36:22.7,36:22.7
1293,mouse,36:22.7,36:22.7
1294,skunk,36:22.7,36:22.7
1295,eagle,36:22.7,36:22.7
1296,dolphin,36:22.7,36:22.7
1297,macaw,36:22.7,36:22.7
1298,snail,36:22.7,36:22.7
1299,eagle,36:22.7,36:22.7
1300,mole,36:22.7,36:22.7
1301,cockroach,36:22.7,36:22.7
1302,bat,36:22.7,36:22.7
1303,alligator,36:22.7,36:22.7
1304,fish,36:22.7,36:22.7
1305,serval,36:22.8,36:22.8
1306,bat,36:22.8,36:22.8
1307,mink,36:22.8,36:22.8
1308,impala,36:22.8,36:22.8
1309,sea lion,36:22.8,36:22.8
1310,coyote,36:22.8,36:22.8
1311,guinea pig,36:22.8,36:22.8
1312,hornet,36:22.8,36:22.8
1313,manatee,36:22.8,36:22.8
1314,baboon,36:22.8,36:22.8
1315,caribou,36:22.8,36:22.8
1316,seal,36:22.8,36:22.8
1317,chinchilla,36:22.8,36:22.8
1318,skunk,36:22.8,36:22.8
1319,gorilla,36:22.9,36:22.9
1320,baboon,36:22.9,36:22.9
1321,donkey,36:22.9,36:22.9
1322,rat,36:22.9,36:22.9
1323,guinea pig,36:22.9,36:22.9
1324,duck,36:22.9,36:22.9
1325,camel,36:22.9,36:22.9
1326,eagle,36:22.9,36:22.9
1327,gnat,36:22.9,36:22.9
1328,cat,36:22.9,36:22.9
1329,mole,36:22.9,36:22.9
1330,porpoise,36:22.9,36:22.9
1331,mink,36:22.9,36:22.9
1332,badger,36:23.0,36:23.0
1333,cheetah,36:23.0,36:23.0
1334,sheep,36:23.0,36:23.0
1335,ape,36:23.0,36:23.0
1336,mouse,36:23.0,36:23.0
1337,wildebeest,36:23.0,36:23.0
1338,alpaca,36:23.0,36:23.0
1339,sea lion,36:23.0,36:23.0
1340,koala,36:23.0,36:23.0
1341,elephant,36:23.0,36:23.0
1342,mallard,36:23.0,36:23.0
1343,cicada,36:23.0,36:23.0
1344,rhinoceros,36:23.0,36:23.0
1345,wolf,36:23.0,36:23.0
1346,porpoise,36:23.1,36:23.1
1347,muskrat,36:23.1,36:23.1
1348,gerbil,36:23.1,36:23.1
1349,antelope,36:23.1,36:23.1
1350,mallard,36:23.1,36:23.1
1351,eagle,36:23.1,36:23.1
1352,cat,36:23.1,36:23.1
1353,pig,36:23.1,36:23.1
1354,squirrel,36:23.1,36:23.1
1355,crab,36:23.1,36:23.1
1356,llama,36:23.1,36:23.1
1357,worm,36:23.1,36:23.1
1358,hyena,36:23.1,36:23.1
1359,hippopotamus,36:23.2,36:23.2
1360,butterfly,36:23.2,36:23.2
1361,goat,36:23.2,36:23.2
1362,kangaroo,36:23.2,36:23.2
1363,oyster,36:23.2,36:23.2
1364,sea lion,36:23.2,36:23.2
1365,duck,36:23.2,36:23.2
1366,donkey,36:23.2,36:23.2
1367,chimpanzee,36:23.2,36:23.2
1368,macaw,36:23.2,36:23.2
1369,spider,36:23.2,36:23.2
1370,pig,36:23.2,36:23.2
1371,clam,36:23.3,36:23.3
1372,baboon,36:23.3,36:23.3
1373,muskrat,36:23.3,36:23.3
1374,elephant,36:23.3,36:23.3
1375,whale,36:23.3,36:23.3
1376,fish,36:23.3,36:23.3
1377,duck,36:23.3,36:23.3
1378,alpaca,36:23.3,36:23.3
1379,scorpion,36:23.3,36:23.3
1380,wolf,36:23.3,36:23.3
1381,giraffe,36:23.3,36:23.3
1382,leopard,36:23.3,36:23.3
1383,porpoise,36:23.3,36:23.3
1384,porpoise,36:23.3,36:23.3
1385,llama,36:23.4,36:23.4
1386,snail,36:23.4,36:23.4
1387,hippopotamus,36:23.4,36:23.4
1388,ape,36:23.4,36:23.4
1389,weasel,36:23.4,36:23.4
1390,cheetah,36:23.4,36:23.4
1391,platypus,36:23.4,36:23.4
1392,mammoth,36:23.4,36:23.4
1393,cicada,36:23.4,36:23.4
1394,mosquito,36:23.4,36:23.4
1395,termite,36:23.4,36:23.4
1396,wildebeest,36:23.4,36:23.4
1397,ant,36:23.4,36:23.4
1398,snail,36:23.4,36:23.4
1399,goat,36:23.5,36:23.5
1400,oyster,36:23.5,36:23.5
1401,cricket,36:23.5,36:23.5
1402,dolphin,36:23.5,36:23.5
1403,shark,36:23.5,36:23.5
1404,weasel,36:23.5,36:23.5
1405,camel,36:23.5,36:23.5
1406,hippopotamus,36:23.5,36:23.5
1407,beaver,36:23.5,36:23.5
1408,ant,36:23.5,36:23.5
1409,llama,36:23.5,36:23.5
1410,spider,36:23.5,36:23.5
1411,mosquito,36:23.6,36:23.6
1412,snake,36:23.6,36:23.6
1413,serval,36:23.6,36:23.6
1414,muskrat,36:23.6,36:23.6
1415,crab,36:23.6,36:23.6
1416,sheep,36:23.6,36:23.6
1417,bee,36:23.6,36:23.6
1418,badger,36:23.6,36:23.6
1419,wombat,36:23.6,36:23.6
1420,wombat,36:23.6,36:23.6
1421,frog,36:23.6,36:23.6
1422,pug,36:23.6,36:23.6
1423,reindeer,36:23.6,36:23.6
1424,dinosaur,36:23.6,36:23.6
1425,chinchilla,36:23.7,36:23.7
1426,hippopotamus,36:23.7,36:23.7
1427,walrus,36:23.7,36:23.7
1428,bear,36:23.7,36:23.7
1429,chinchilla,36:23.7,36:23.7
1430,koala,36:23.7,36:23.7
1431,wasp,36:23.7,36:23.7
1432,dog,36:23.7,36:23.7
1433,bee,36:23.7,36:23.7
1434,wombat,36:23.7,36:23.7
1435,pig,36:23.7,36:23.7
1436,elephant,36:23.7,36:23.7
1437,tiger,36:23.7,36:23.7
1438,macaw,36:23.8,36:23.8
1439,toad,36:23.8,36:23.8
1440,buffalo,36:23.9,36:23.9
1441,lizard,36:24.0,36:24.0
1442,weasel,36:24.0,36:24.0
1443,hare,36:24.0,36:24.0
1444,hippopotamus,36:24.0,36:24.0
1445,ape,36:24.0,36:24.0
1446,jackal,36:24.0,36:24.0
1447,porcupine,36:24.0,36:24.0
1448,reindeer,36:24.0,36:24.0
1449,elk,36:24.1,36:24.1
1450,otter,36:24.1,36:24.1
1451,ferret,36:24.1,36:24.1
1452,mouse,36:24.1,36:24.1
1453,elk,36:24.1,36:24.1
1454,cattle,36:24.1,36:24.1
1455,guinea pig,36:24.1,36:24.1
1456,buffalo,36:24.1,36:24.1
1457,seal,36:24.1,36:24.1
1458,wildebeest,36:24.1,36:24.1
1459,rabbit,36:24.1,36:24.1
1460,beetle,36:24.1,36:24.1
1461,beetle,36:24.1,36:24.1
1462,salmon,36:24.1,36:24.1
1463,pig,36:24.2,36:24.2
1464,tortoise,36:24.2,36:24.2
1465,deer,36:24.2,36:24.2
1466,mink,36:24.2,36:24.2
1467,buffalo,36:24.2,36:24.2
1468,ape,36:24.2,36:24.2
1469,alpaca,36:24.2,36:24.2
1470,ant,36:24.2,36:24.2
1471,deer,36:24.2,36:24.2
1472,hedgehog,36:24.2,36:24.2
1473,water buffalo,36:24.2,36:24.2
1474,jackal,36:24.2,36:24.2
1475,antelope,36:24.2,36:24.2
1476,oyster,36:24.3,36:24.3
1477,crow,36:24.3,36:24.3
1478,mammoth,36:24.3,36:24.3
1479,fish,36:24.3,36:24.3
1480,pug,36:24.3,36:24.3
1481,seal,36:24.3,36:24.3
1482,badger,36:24.3,36:24.3
1483,deer,36:24.3,36:24.3
1484,camel,36:24.3,36:24.3
1485,sea lion,36:24.3,36:24.3
1486,reindeer,36:24.3,36:24.3
1487,beaver,36:24.3,36:24.3
1488,buffalo,36:24.4,36:24.4
1489,horse,36:24.4,36:24.4
1490,hound,36:24.4,36:24.4
1491,mole,36:24.4,36:24.4
1492,goldfish,36:24.4,36:24.4
1493,deer,36:24.4,36:24.4
1494,locust,36:24.4,36:24.4
1495,badger,36:24.4,36:24.4
1496,hare,36:24.4,36:24.4
1497,wombat,36:24.4,36:24.4
1498,scorpion,36:24.5,36:24.5
1499,scorpion,36:24.5,36:24.5
1500,goose,36:24.5,36:24.5
1501,scorpion,49:36.1,49:36.1
1502,mule,49:37.3,49:37.3
1503,lizard,49:37.3,49:37.3
1504,bee,49:37.4,49:37.4
1505,chimpanzee,49:37.4,49:37.4
1506,goldfish,49:37.5,49:37.5
1507,kangaroo,49:37.6,49:37.6
1508,fish,49:37.7,49:37.7
1509,herring,49:37.7,49:37.7
1510,skunk,49:37.7,49:37.7
1511,louse,49:37.8,49:37.8
1512,rabbit,49:37.8,49:37.8
1513,skunk,49:37.8,49:37.8
1514,bear,49:37.8,49:37.8
1515,woodchuck,49:37.8,49:37.8
1516,wildebeest,49:37.8,49:37.8
1517,baboon,49:37.9,49:37.9
1518,impala,49:37.9,49:37.9
1519,leopard,49:37.9,49:37.9
1520,hippopotamus,49:37.9,49:37.9
1521,llama,49:37.9,49:37.9
1522,jackal,49:37.9,49:37.9
1523,beetle,49:37.9,49:37.9
1524,hippopotamus,49:37.9,49:37.9
1525,raven,49:38.0,49:38.0
1526,armadillo,49:38.0,49:38.0
1527,woodchuck,49:38.0,49:38.0
1528,termite,49:38.0,49:38.0
1529,ferret,49:38.0,49:38.0
1530,yak,49:38.0,49:38.0
1531,ape,49:38.0,49:38.0
1532,ferret,49:38.0,49:38.0
1533,squirrel,49:38.0,49:38.0
1534,mule,49:38.1,49:38.1
1535,cattle,49:38.1,49:38.1
1536,raccoon,49:38.1,49:38.1
1537,fox,49:38.1,49:38.1
1538,mammoth,49:38.1,49:38.1
1539,locust,49:38.1,49:38.1
1540,goose,49:38.1,49:38.1
1541,salmon,49:38.2,49:38.2
1542,porcupine,49:38.2,49:38.2
1543,guinea pig,49:38.2,49:38.2
1544,hornet,49:38.2,49:38.2
1545,hamster,49:38.2,49:38.2
1546,snail,49:38.2,49:38.2
1547,porcupine,49:38.2,49:38.2
1548,impala,49:38.3,49:38.3
1549,donkey,49:38.3,49:38.3
1550,rabbit,49:38.3,49:38.3
1551,salmon,49:38.3,49:38.3
1552,monkey,49:38.3,49:38.3
1553,seal,49:38.3,49:38.3
1554,bee,49:38.3,49:38.3
1555,hare,49:38.4,49:38.4
1556,camel,49:38.4,49:38.4
1557,ferret,49:38.4,49:38.4
1558,antelope,49:38.4,49:38.4
1559,alpaca,49:38.4,49:38.4
1560,sea lion,49:38.4,49:38.4
1561,alpaca,49:38.4,49:38.4
1562,deer,49:38.5,49:38.5
1563,turtle,49:38.5,49:38.5
1564,macaw,49:38.5,49:38.5
1565,chimpanzee,49:38.5,49:38.5
1566,zebra,49:38.5,49:38.5
1567,scorpion,49:38.5,49:38.5
1568,walrus,49:38.5,49:38.5
1569,mink,49:38.5,49:38.5
1570,trout,49:38.6,49:38.6
1571,hound,49:38.6,49:38.6
1572,chinchilla,49:38.6,49:38.6
1573,buffalo,49:38.6,49:38.6
1574,cockroach,49:38.7,49:38.7
1575,yellowjacket,49:38.7,49:38.7
1576,gnat,49:38.7,49:38.7
1577,beetle,49:38.7,49:38.7
1578,wasp,49:38.7,49:38.7
1579,moose,49:38.8,49:38.8
1580,locust,49:38.8,49:38.8
1581,jellyfish,49:38.8,49:38.8
1582,raven,49:38.8,49:38.8
1583,baboon,49:38.8,49:38.8
1584,water buffalo,49:38.8,49:38.8
1585,salmon,49:38.8,49:38.8
1586,macaw,49:38.8,49:38.8
1587,wombat,49:38.8,49:38.8
1588,louse,49:38.9,49:38.9
1589,raccoon,49:38.9,49:38.9
1590,oyster,49:38.9,49:38.9
1591,termite,49:38.9,49:38.9
1592,leopard,49:38.9,49:38.9
1593,eel,49:38.9,49:38.9
1594,jackal,49:38.9,49:38.9
1595,termite,49:38.9,49:38.9
1596,gnat,49:39.0,49:39.0
1597,leopard,49:39.0,49:39.0
1598,worm,49:39.0,49:39.0
1599,badger,49:39.0,49:39.0
1600,raven,49:39.0,49:39.0
1601,cheetah,49:39.0,49:39.0
1602,cricket,49:39.0,49:39.0
1603,louse,49:39.1,49:39.1
1604,impala,49:39.1,49:39.1
1605,platypus,49:39.1,49:39.1
1606,goat,49:39.1,49:39.1
1607,dinosaur,49:39.1,49:39.1
1608,squirrel,49:39.1,49:39.1
1609,moose,49:39.1,49:39.1
1610,frog,49:39.1,49:39.1
1611,beetle,49:39.2,49:39.2
1612,cricket,49:39.2,49:39.2
1613,giraffe,49:39.2,49:39.2
1614,prairie dog,49:39.2,49:39.2
1615,gnat,49:39.2,49:39.2
1616,hound,49:39.2,49:39.2
1617,trout,49:39.2,49:39.2
1618,horse,49:39.3,49:39.3
1619,cod,49:39.3,49:39.3
1620,llama,49:39.3,49:39.3
1621,oyster,49:39.3,49:39.3
1622,bee,49:39.3,49:39.3
1623,woodchuck,49:39.3,49:39.3
1624,hound,49:39.3,49:39.3
1625,cheetah,49:39.4,49:39.4
1626,frog,49:39.4,49:39.4
1627,bear,49:39.4,49:39.4
1628,macaw,49:39.4,49:39.4
1629,marten,49:39.4,49:39.4
1630,horse,49:39.4,49:39.4
1631,skunk,49:39.5,49:39.5
1632,cricket,49:39.5,49:39.5
1633,crab,49:39.5,49:39.5
1634,guinea pig,49:39.5,49:39.5
1635,mule,49:39.5,49:39.5
1636,whale,49:39.5,49:39.5
1637,pug,49:39.5,49:39.5
1638,trout,49:39.5,49:39.5
1639,sardine,49:39.5,49:39.5
1640,impala,49:39.5,49:39.5
1641,prairie dog,49:39.6,49:39.6
1642,lion,49:39.6,49:39.6
1643,fox,49:39.6,49:39.6
1644,badger,49:39.6,49:39.6
1645,jellyfish,49:39.6,49:39.6
1646,moose,49:39.6,49:39.6
1647,crow,49:39.6,49:39.6
1648,alpaca,49:39.6,49:39.6
1649,cicada,49:39.7,49:39.7
1650,sea lion,49:39.7,49:39.7
1651,wasp,49:39.7,49:39.7
1652,sea lion,49:39.7,49:39.7
1653,mouse,49:39.7,49:39.7
1654,skunk,49:39.7,49:39.7
1655,bee,49:39.7,49:39.7
1656,cheetah,49:39.8,49:39.8
1657,lizard,49:39.8,49:39.8
1658,bat,49:39.8,49:39.8
1659,jellyfish,49:39.8,49:39.8
1660,wasp,49:39.8,49:39.8
1661,crab,49:39.9,49:39.9
1662,donkey,49:39.9,49:39.9
1663,rat,49:39.9,49:39.9
1664,otter,49:40.0,49:40.0
1665,minnow,49:40.0,49:40.0
1666,wasp,49:40.0,49:40.0
1667,ant,49:40.0,49:40.0
1668,llama,49:40.1,49:40.1
1669,elephant,49:40.1,49:40.1
1670,worm,49:40.1,49:40.1
1671,yellowjacket,49:40.1,49:40.1
1672,serval,49:40.1,49:40.1
1673,jackal,49:40.1,49:40.1
1674,mallard,49:40.2,49:40.2
1675,dog,49:40.2,49:40.2
1676,elephant,49:40.2,49:40.2
1677,giraffe,49:40.2,49:40.2
1678,elk,49:40.2,49:40.2
1679,shark,49:40.2,49:40.2
1680,manatee,49:40.3,49:40.3
1681,monkey,49:40.3,49:40.3
1682,cattle,49:40.3,49:40.3
1683,snail,49:40.3,49:40.3
1684,monkey,49:40.3,49:40.3
1685,platypus,49:40.3,49:40.3
1686,fox,49:40.3,49:40.3
1687,alpaca,49:40.3,49:40.3
1688,serval,49:40.3,49:40.3
1689,giraffe,49:40.4,49:40.4
1690,weasel,49:40.4,49:40.4
1691,porcupine,49:40.4,49:40.4
1692,donkey,49:40.4,49:40.4
1693,gorilla,49:40.4,49:40.4
1694,bear,49:40.4,49:40.4
1695,hare,49:40.4,49:40.4
1696,jellyfish,49:40.4,49:40.4
1697,whale,49:40.4,49:40.4
1698,eagle,49:40.5,49:40.5
1699,cheetah,49:40.5,49:40.5
1700,dinosaur,49:40.5,49:40.5
1701,shark,49:40.5,49:40.5
1702,kangaroo,49:40.5,49:40.5
1703,hippopotamus,49:40.5,49:40.5
1704,gerbil,49:40.5,49:40.5
1705,jellyfish,49:40.5,49:40.5
1706,cat,49:40.5,49:40.5
1707,mule,49:40.6,49:40.6
1708,baboon,49:40.6,49:40.6
1709,dog,49:40.6,49:40.6
1710,hedgehog,49:40.6,49:40.6
1711,trout,49:40.6,49:40.6
1712,koala,49:40.6,49:40.6
1713,worm,49:40.6,49:40.6
1714,water buffalo,49:40.6,49:40.6
1715,mosquito,49:40.7,49:40.7
1716,jackal,49:40.7,49:40.7
1717,locust,49:40.7,49:40.7
1718,rhinoceros,49:40.7,49:40.7
1719,elephant,49:40.7,49:40.7
1720,swan,49:40.7,49:40.7
1721,wolf,49:40.7,49:40.7
1722,mallard,49:40.7,49:40.7
1723,woodchuck,49:40.8,49:40.8
1724,ferret,49:40.8,49:40.8
1725,hippopotamus,49:40.8,49:40.8
1726,llama,49:40.8,49:40.8
1727,bear,49:40.8,49:40.8
1728,walrus,49:40.8,49:40.8
1729,otter,49:40.8,49:40.8
1730,moose,49:40.8,49:40.8
1731,butterfly,49:40.9,49:40.9
1732,hippopotamus,49:40.9,49:40.9
1733,swan,49:40.9,49:40.9
1734,horse,49:40.9,49:40.9
1735,swan,49:40.9,49:40.9
1736,ant,49:40.9,49:40.9
1737,wombat,49:40.9,49:40.9
1738,leopard,49:41.0,49:41.0
1739,crocodile,49:41.0,49:41.0
1740,goose,49:41.0,49:41.0
1741,cat,49:41.0,49:41.0
1742,seal,49:41.0,49:41.0
1743,reindeer,49:41.0,49:41.0
1744,snail,49:41.0,49:41.0
1745,rabbit,49:41.0,49:41.0
1746,cicada,49:41.1,49:41.1
1747,mouse,49:41.1,49:41.1
1748,alligator,49:41.1,49:41.1
1749,shark,49:41.1,49:41.1
1750,rat,49:41.1,49:41.1
1751,snake,49:41.1,49:41.1
1752,cattle,49:41.1,49:41.1
1753,alpaca,49:41.1,49:41.1
1754,monkey,49:41.2,49:41.2
1755,scorpion,49:41.2,49:41.2
1756,butterfly,49:41.2,49:41.2
1757,goldfish,49:41.2,49:41.2
1758,toad,49:41.2,49:41.2
1759,cattle,49:41.2,49:41.2
1760,cattle,49:41.2,49:41.2
1761,raven,49:41.2,49:41.2
1762,badger,49:41.3,49:41.3
1763,panda,49:41.3,49:41.3
1764,yak,49:41.3,49:41.3
1765,manatee,49:41.3,49:41.3
1766,kangaroo,49:41.3,49:41.3
1767,deer,49:41.3,49:41.3
1768,ape,49:41.4,49:41.4
1769,hamster,49:41.4,49:41.4
1770,swan,49:41.4,49:41.4
1771,mouse,49:41.4,49:41.4
1772,macaw,49:41.4,49:41.4
1773,kangaroo,49:41.4,49:41.4
1774,fox,49:41.5,49:41.5
1775,chimpanzee,49:41.5,49:41.5
1776,rhinoceros,49:41.5,49:41.5
1777,dinosaur,49:41.5,49:41.5
1778,whale,49:41.5,49:41.5
1779,beetle,49:41.5,49:41.5
1780,tiger,49:41.6,49:41.6
1781,fox,49:41.6,49:41.6
1782,eel,49:41.6,49:41.6
1783,deer,49:41.6,49:41.6
1784,worm,49:41.7,49:41.7
1785,beetle,49:41.7,49:41.7
1786,caribou,49:41.7,49:41.7
1787,wolf,49:41.7,49:41.7
1788,weasel,49:41.7,49:41.7
1789,antelope,49:41.8,49:41.8
1790,caribou,49:41.8,49:41.8
1791,gerbil,49:41.8,49:41.8
1792,cicada,49:41.8,49:41.8
1793,goldfish,49:41.8,49:41.8
1794,deer,49:41.8,49:41.8
1795,turtle,49:41.9,49:41.9
1796,mouse,49:41.9,49:41.9
1797,sardine,49:41.9,49:41.9
1798,dinosaur,49:41.9,49:41.9
1799,squirrel,49:41.9,49:41.9
1800,fish,49:41.9,49:41.9
1801,yak,49:42.0,49:42.0
1802,hornet,49:42.0,49:42.0
1803,wolf,49:42.0,49:42.0
1804,whale,49:42.0,49:42.0
1805,locust,49:42.0,49:42.0
1806,sheep,49:42.0,49:42.0
1807,gerbil,49:42.0,49:42.0
1808,panda,49:42.1,49:42.1
1809,wombat,49:42.1,49:42.1
1810,caribou,49:42.1,49:42.1
1811,otter,49:42.1,49:42.1
1812,spider,49:42.1,49:42.1
1813,raccoon,49:42.1,49:42.1
1814,lizard,49:42.1,49:42.1
1815,tiger,49:42.2,49:42.2
1816,weasel,49:42.2,49:42.2
1817,elephant,49:42.2,49:42.2
1818,tortoise,49:42.2,49:42.2
1819,mouse,49:42.2,49:42.2
1820,beaver,49:42.2,49:42.2
1821,lion,49:42.2,49:42.2
1822,mammoth,49:42.3,49:42.3
1823,locust,49:42.3,49:42.3
1824,sea lion,49:42.3,49:42.3
1825,kangaroo,49:42.3,49:42.3
1826,mole,49:42.3,49:42.3
1827,goldfish,49:42.4,49:42.4
1828,buffalo,49:42.4,49:42.4
1829,snail,49:42.4,49:42.4
1830,louse,49:42.5,49:42.5
1831,fox,49:42.5,49:42.5
1832,lion,49:42.5,49:42.5
1833,tortoise,49:42.5,49:42.5
1834,hound,49:42.5,49:42.5
1835,guinea pig,49:42.5,49:42.5
1836,locust,49:42.6,49:42.6
1837,llama,49:42.6,49:42.6
1838,gnat,49:42.6,49:42.6
1839,wildebeest,49:42.6,49:42.6
1840,wasp,49:42.6,49:42.6
1841,manatee,49:42.7,49:42.7
1842,alligator,49:42.7,49:42.7
1843,bee,49:42.8,49:42.8
1844,panda,49:42.8,49:42.8
1845,marten,49:42.8,49:42.8
1846,turtle,49:42.8,49:42.8
1847,hippopotamus,49:42.8,49:42.8
1848,rhinoceros,49:42.8,49:42.8
1849,hyena,49:42.9,49:42.9
1850,gnu,49:42.9,49:42.9
1851,cheetah,49:42.9,49:42.9
1852,ferret,49:42.9,49:42.9
1853,sheep,49:42.9,49:42.9
1854,woodchuck,49:42.9,49:42.9
1855,donkey,49:43.0,49:43.0
1856,raccoon,49:43.0,49:43.0
1857,pug,49:43.0,49:43.0
1858,wasp,49:43.0,49:43.0
1859,dinosaur,49:43.0,49:43.0
1860,wasp,49:43.0,49:43.0
1861,locust,49:43.1,49:43.1
1862,hippopotamus,49:43.1,49:43.1
1863,leopard,49:43.1,49:43.1
1864,deer,49:43.1,49:43.1
1865,coyote,49:43.1,49:43.1
1866,whale,49:43.1,49:43.1
1867,rabbit,49:43.1,49:43.1
1868,porpoise,49:43.2,49:43.2
1869,antelope,49:43.2,49:43.2
1870,louse,49:43.2,49:43.2
1871,mink,49:43.2,49:43.2
1872,gnat,49:43.2,49:43.2
1873,alligator,49:43.2,49:43.2
1874,dinosaur,49:43.2,49:43.2
1875,yak,49:43.3,49:43.3
1876,cockroach,49:43.3,49:43.3
1877,moose,49:43.3,49:43.3
1878,panda,49:43.3,49:43.3
1879,raccoon,49:43.3,49:43.3
1880,otter,49:43.3,49:43.3
1881,weasel,49:43.3,49:43.3
1882,hound,49:43.3,49:43.3
1883,wallaby,49:43.3,49:43.3
1884,sheep,49:43.4,49:43.4
1885,leopard,49:43.4,49:43.4
1886,panda,49:43.4,49:43.4
1887,hedgehog,49:43.4,49:43.4
1888,badger,49:43.4,49:43.4
1889,dinosaur,49:43.4,49:43.4
1890,hound,49:43.5,49:43.5
1891,eagle,49:43.5,49:43.5
1892,serval,49:43.5,49:43.5
1893,sheep,49:43.5,49:43.5
1894,muskrat,49:43.5,49:43.5
1895,alpaca,49:43.5,49:43.5
1896,camel,49:43.5,49:43.5
1897,tiger,49:43.5,49:43.5
1898,termite,49:43.6,49:43.6
1899,spider,49:43.6,49:43.6
1900,snake,49:43.6,49:43.6
1901,walrus,49:43.6,49:43.6
1902,raven,49:43.6,49:43.6
1903,horse,49:43.6,49:43.6
1904,duck,49:43.6,49:43.6
1905,gnu,49:43.6,49:43.6
1906,butterfly,49:43.7,49:43.7
1907,rabbit,49:43.7,49:43.7
1908,impala,49:43.7,49:43.7
1909,squirrel,49:43.7,49:43.7
1910,sea lion,49:43.7,49:43.7
1911,fish,49:43.7,49:43.7
1912,sardine,49:43.7,49:43.7
1913,macaw,49:43.7,49:43.7
1914,wombat,49:43.8,49:43.8
1915,fly,49:43.8,49:43.8
1916,crocodile,49:43.8,49:43.8
1917,seal,49:43.8,49:43.8
1918,badger,49:43.8,49:43.8
1919,mule,49:43.8,49:43.8
1920,walrus,49:43.8,49:43.8
1921,moose,49:43.8,49:43.8
1922,ant,49:43.9,49:43.9
1923,armadillo,49:43.9,49:43.9
1924,elephant,49:43.9,49:43.9
1925,fish,49:43.9,49:43.9
1926,seal,49:43.9,49:43.9
1927,hedgehog,49:43.9,49:43.9
1928,porcupine,49:43.9,49:43.9
1929,alligator,49:44.0,49:44.0
1930,jackal,49:44.0,49:44.0
1931,mammoth,49:44.0,49:44.0
1932,water buffalo,49:44.0,49:44.0
1933,ape,49:44.0,49:44.0
1934,snake,49:44.0,49:44.0
1935,crab,49:44.0,49:44.0
1936,mule,49:44.0,49:44.0
1937,toad,49:44.0,49:44.0
1938,pug,49:44.1,49:44.1
1939,marten,49:44.1,49:44.1
1940,hamster,49:44.1,49:44.1
1941,cat,49:44.1,49:44.1
1942,hound,49:44.1,49:44.1
1943,buffalo,49:44.1,49:44.1
1944,toad,49:44.1,49:44.1
1945,skunk,49:44.1,49:44.1
1946,termite,49:44.2,49:44.2
1947,badger,49:44.2,49:44.2
1948,mule,49:44.2,49:44.2
1949,chimpanzee,49:44.2,49:44.2
1950,jellyfish,49:44.2,49:44.2
1951,grasshopper,49:44.2,49:44.2
1952,porpoise,49:44.2,49:44.2
1953,dolphin,49:44.3,49:44.3
1954,koala,49:44.3,49:44.3
1955,alpaca,49:44.3,49:44.3
1956,wombat,49:44.3,49:44.3
1957,fish,49:44.3,49:44.3
1958,jackal,49:44.3,49:44.3
1959,donkey,49:44.3,49:44.3
1960,locust,49:44.3,49:44.3
1961,wolf,49:44.3,49:44.3
1962,gorilla,49:44.4,49:44.4
1963,buffalo,49:44.4,49:44.4
1964,louse,49:44.4,49:44.4
1965,dolphin,49:44.4,49:44.4
1966,seal,49:44.4,49:44.4
1967,louse,49:44.4,49:44.4
1968,shark,49:44.4,49:44.4
1969,antelope,49:44.5,49:44.5
1970,macaw,49:44.5,49:44.5
1971,seal,49:44.5,49:44.5
1972,gnat,49:44.5,49:44.5
1973,giraffe,49:44.5,49:44.5
1974,platypus,49:44.5,49:44.5
1975,squirrel,49:44.5,49:44.5
1976,elephant,49:44.5,49:44.5
1977,sea lion,49:44.6,49:44.6
1978,dinosaur,49:44.6,49:44.6
1979,turtle,49:44.6,49:44.6
1980,moose,49:44.6,49:44.6
1981,macaw,49:44.6,49:44.6
1982,shark,49:44.6,49:44.6
1983,donkey,49:44.6,49:44.6
1984,clam,49:44.6,49:44.6
1985,lion,49:44.6,49:44.6
1986,rat,49:44.7,49:44.7
1987,squirrel,49:44.7,49:44.7
1988,cheetah,49:44.7,49:44.7
1989,tiger,49:44.7,49:44.7
1990,woodchuck,49:44.7,49:44.7
1991,moose,49:44.7,49:44.7
1992,badger,49:44.7,49:44.7
1993,walrus,49:44.8,49:44.8
1994,elk,49:44.8,49:44.8
1995,bee,49:44.8,49:44.8
1996,snail,49:44.8,49:44.8
1997,elephant,49:44.8,49:44.8
1998,wallaby,49:44.8,49:44.8
1999,ox,49:44.9,49:44.9
2000,woodchuck,49:44.9,49:44.9
